<?xml version="1.0" encoding="UTF-8"?>
<email>
	<to>Gianni</to>
	<from>Studio medico Santi</from>
	<date>
		<year>2022</year>
		<month>Dicembre</month>
		<day>19</day>	
	</date>
	<heading>Conferma appuntamento</heading>
	<body>Buonasera Sig. Gianni, \n le confermiamo l'appuntamento per la sua risonanza magnetica di mercoledì 21.12.2022. Nel caso abbia bisogno di spostare/annullare l'appuntamento le chiediamo gentilmente di comunicarcelo il prima possibile. \n Cordiali saluti 
	</body>
</email>
