<?xml version="1.0" encoding="UTF-8"?>
<cd serialnumber="F1984C" disclenght="47:34">
	<title>Forse non è la felicità</title>
	<label>Woodworm label</label>
	<year>2017</year>
	<artist>Fast animal &amp; slow kids</artist>
	<tracks>
		<track1>
			<name>Asteroide</name>
			<lenght>4:57</lenght>
		</track1>
		<track2>
			<name>Giorni di gloria</name>
			<lenght>3:13</lenght>
		</track2>
		<track3>
			<name>Tenera età</name>
			<lenght>5:09</lenght>
		</track3>
		<track4>
			<name>Annabelle</name>
			<lenght>3:34</lenght>
		</track4>
		<track5>
			<name>Fiumi di corpi</name>
			<lenght>3:21</lenght>
		</track5>
		<track6>
			<name>Montana</name>
			<lenght>4:35</lenght>
		</track6>
		<track7>
			<name>Capire un errore</name>
			<lenght>4:15</lenght>
		</track7>
		<track8>
			<name>11 giugno</name>
			<lenght>5:12</lenght>
		</track8>
		<track9>
			<name>Ignoranza</name>
			<lenght>3:07</lenght>
		</track9>
		<track10>
			<name>Giovane</name>
			<lenght>5:19</lenght>
		</track10>
		<track11>
			<name>Forse non è la felicità</name>
			<lenght>4:52</lenght>
		</track11>
	</tracks>
</cd>