{"language": "C#",
  "slug": "csharp",
  "active": true,
  "blurb": "C# is a modern, object-oriented language with lots of great features, such as type-inference and async/await. The tooling is excellent, and there is extensive, well-written documentation",
  "version": 3,
  "status": {
    "concept_exercises": True,
    "test_runner": true,
    "representer": False,
    "analyzer": False
  },
  "online_editor": {
    "indent_style": "space",
    "indent_size": 4,
    "highlightjs_language": "csharp"
  },
  "test_runner":{
	  "average_run_time": 2.3
  },
  "exercises": {
    "concept": [
		{
        "slug": "lucians-luscious-lasagna",
        "name": "Lucian's Luscious Lasagna",
        "uuid": "7d358894-4fbd-4c91-b49f-d68f1c5aa6bc",
        "concepts": ["basics"],
        "prerequisites": [null]
      },
      {
        "slug": "cars-assemble",
        "name": "Cars, Assemble!",
        "uuid": "93fbc7cf-3a7e-4450-ad22-e30129c36bb9",
        "concepts": ["if-statements", "numbers"],
        "prerequisites": ["basics"],
        "status": "wip"
      }
    ],
 		"practice": [
      {
        "slug": "hello-world",
        "name": "Hello, World!",
        "uuid": "6c88f46b-5acb-4fae-a6ec-b48ae3f8168f",
        "practices": ["strings"],
        "prerequisites": ["basics"],
        "difficulty": 1
      },
      {
        "slug": "leap",
        "name": "Leap",
        "uuid": "8ba15933-29a2-49b1-a9ce-70474bad3007",
        "practices": ["if-statements", "numbers", "operator-precedence"],
        "prerequisites": ["if-statements", "numbers"],
        "difficulty": 2,
        "status": "beta"
      }
    ]
  },
  "concepts": [
    {
      "uuid": "2eb4a463-355f-46ef-ac55-a75ec5afdf86",
      "slug": "basics",
      "name": "Basics"
    },
    {
      "uuid": "4466e33e-dcd2-4b1f-9d9d-2c4315bf5188",
      "slug": "if-statements",
      "name": "If Statements"
    },
    {
      "uuid": "b9a421b2-c5ff-4213-bd6d-b886da31ea0d",
      "slug": "numbers",
      "name": "Numbers"
    },
    {
      "uuid": "7a86561d-173b-45c0-a53c-1ffd7b9ff259",
      "slug": "strings",
      "name": "Strings"
    }
  	],
  "key_features": [
    {
      "icon": "expressive",
      "title": "Modern",
      "content": "C# is a modern, fast-evolving language."
	},
    {
      "icon": "cross-platform",
      "title": "Cross-platform",
      "content": "C# runs on almost any platform and chipset."
	},
    {
      "icon": "multi-paradigm",
      "title": "Multi-paradigm",
      "content": "C# is primarily an object-oriented language, but also has lots of functional features."
	},
    {
      "icon": "general-purpose",
      "title": "General purpose",
      "content": "C# can be used for a wide variety of workloads, like websites, console applications, and even games."
	},
    {
      "icon": "tooling",
      "title": "Tooling",
      "content": "C# has excellent tooling, with linting and advanced refactoring options built-in."
	},
    {
      "icon": "documentation",
      "title": "Documentation",
      "content": "Documentation is excellent and exhaustive, making it easy to get started with C#."
    }
  	],
  "tags": ["runtime/jvm", "platform/windows", "platform/linux", "paradigm/declarative", "paradigm/functional", "paradigm/object_oriented"]
 }
