idprodotto, definizione, costo, tipo, giacenza, p_iva fornitore
01234, Candela NGK, "17.43", ricambi auto, 8, IT0123456789
43210, Turbina "Overboost", "890.50", ricambi auto, 1, IT9876543210
78945, Coprisedili "Sparco", "48.20", accessori auto, 6, IT4567891230
45612, lampadina H7, "4.20", accessori auto, 42, IT4567891230
45614, "Pneumatico 225/45 R17 94 W", "84.40", pneumatici,4, IT7856120349
784512, Adesivo "TurboSnail", "1.20", accessori auto,112, IT123456789
785612, "Stivali gara H&R Num. 43", "118.00", indumenti gara,, IT321654987
12365899, "Tuta gara H&R TG. L", "430.40", indumenti gara, 2, IT321654987
459865AE, Cambio sportivo marce corte, "564.56", ricambi auto,,
JP456, Berretto "JapanParts", "32.20",, 8, IT7894563557