<?xml version="1.0" encoding="UTF-8"?>
<dischography checkdate="22/12/2022">
	<artist>Fast animal &amp; slow kids</artist>
	<bandform>
		<voice>
			<name>Aimone Romizi</name>
		</voice>
		<guitar>
			<name>Alessandro Guercini</name>
		</guitar>
		<bass>
			<name>Jacopo Gigliotti</name>
		</bass>
		<drums>
			<name>Alessio Mingoli</name>
		</drums>
		<shiftworkers>
			<name>Daniele Ghiandoni</name>
		</shiftworkers>
	</bandform>
	<genre>pop/rock italian indie</genre>
	<debuteyear>2008</debuteyear>
	<cdlist>
		<cd1 year="2014" disclenght="47:34">
			<title>Alaska</title>
			<label>Woodworm label</label>
			<tracks>
				<track1>
					<name>Overture</name>
					<lenght>4:24</lenght>
				</track1>
				<track2>
					<name>Il mare davanti</name>
					<lenght>3:29</lenght>
				</track2>
				<track3>
					<name>Come reagire al presente</name>
					<lenght>3:23</lenght>
				</track3>
				<track4>
					<name>Coperta</name>
					<lenght>3:08</lenght>
				</track4>
				<track5>
					<name>Te lo prometto</name>
					<lenght>2:11</lenght>
				</track5>
				<track6>
					<name>Calci in faccia</name>
					<lenght>3:15</lenght>
				</track6>
				<track7>
					<name>Con chi pensi di parlare</name>
					<lenght>4:18</lenght>
				</track7>
				<track8>
					<name>Odio suonare</name>
					<lenght>3:31</lenght>
				</track8>
				<track9>
					<name>IL vincente</name>
					<lenght>2:34</lenght>
				</track9>
				<track10>
					<name>Gran final</name>
					<lenght>7:59</lenght>
				</track10>
			</tracks>
		</cd1>
		<cd2 year="2017" disclenght="47:34">
			<title>Forse non è la felicità</title>
			<label>Woodworm label</label>
			<tracks>
				<track1>
					<name>Asteroide</name>
					<lenght>4:57</lenght>
				</track1>
				<track2>
					<name>Giorni di gloria</name>
					<lenght>3:13</lenght>
				</track2>
				<track3>
					<name>Tenera età</name>
					<lenght>5:09</lenght>
				</track3>
				<track4>
					<name>Annabelle</name>
					<lenght>3:34</lenght>
				</track4>
				<track5>
					<name>Fiumi di corpi</name>
					<lenght>3:21</lenght>
				</track5>
				<track6>
					<name>Montana</name>
					<lenght>4:35</lenght>
				</track6>
				<track7>
					<name>Capire un errore</name>
					<lenght>4:15</lenght>
				</track7>
				<track8>
					<name>11 giugno</name>
					<lenght>5:12</lenght>
				</track8>
				<track9>
					<name>Ignoranza</name>
					<lenght>3:07</lenght>
				</track9>
				<track10>
					<name>Giovane</name>
					<lenght>5:19</lenght>
				</track10>
				<track11>
					<name>Forse non è la felicità</name>
					<lenght>4:52</lenght>
				</track11>
			</tracks>
		</cd2>
	</cdlist>
	<sideproject>
		<sideproj1>
			<name>Fast Animals and Slow Kids – Come reagire al presente</name>
			<type>Grafic Novel</type>
			<editors>BeccoGiallo</editors>
			<year>2020</year>
			<isbn>ISBN 978-88-3314-111-4</isbn>
		</sideproj1>
	</sideproject>
</dischography>