{
"name":"Games and Games",
"addres":"Via I.Garbini, 01100, Viterbo, VT",
"descrizione":"Info sugli articoli venduti del punto vendita",
"articolivenduti": 15,
"fatturato": 2712.62,
"mese":"Dicembre",
"store":[
	  {
		  "name":"Final Fantasy VII: Crisis Core",
		  "type":["GDR","Action"],
		  "stock": 12,
		  "sold": 8,
		  "price": 64.12,
		  "promo": False
		  "promoprice": null
	  },
		  {
		  "name":"Gran turismo 7",
		  "type":["Motorsport"],
		  "stock": 8,
		  "sold": 2,
		  "price": 82.20,
		  "promo": true,
		  "promoprice": 49.99
	  },
		  {
		  "name":"Xbox Serie S",
		  "type":["Console"],
		  "stock": 4,
		  "sold": 3,
		  "price": 259.90,
		  "promo": False,
		  "promoprice": null
	  },
		  {
		  "name":"Playstation 5",
		  "type":["Console"],
		  "stock": 2,
		  "sold": 2,
		  "price": 659.99,
		  "promo": [true, "Console + 2° controller omaggio"],
		  "promoprice": 659.99
	  },
	]
}